delete from Patron;
delete from library_event;
delete from library_staff;
delete from library_payment;
delete from books;
delete from cd;
delete from consoles;
delete from dvd;
delete from instruments;
delete from magazines;
delete from patron_account;
delete from patron_payment;
delete from printing;
delete from reference_material;
delete from rental_cart;
delete from rental_item;
delete from study_rooms;
delete from vendor;
delete from vendor_order;
delete from vendor_order_item;
delete from donation;
delete from vhs_tapes;
INSERT into Patron values ('Jackson', 'dk','1996-09-12','jacksondk@gmail.com', '692 rd Fed, Tx, 75555', '15682', '6855859599');
INSERT into Patron values ('Azel', 'def','1995-03-30','azeldef@gmail.com', '695 rd Next, Tx, 75676', '15683', '9292393900');
INSERT into Patron values ('Mitchell', 'Johnson','1989-06-11','mitchelljohnson@gmail.com', '4600 st Elv, Tx, 75443', '15684', '3634333699');
INSERT into Patron values ('Ky', 'Mbp','1998-08-12','kymbp@gmail.com', '700 st Euless, Tx, 79999', '15685', '7843439566');
INSERT into Patron values ('Jacey', 'Morg','1999-09-08','jaceymorg@gmail.com', '333 rd Lamar, Tx, 79393', '15686', '4693334333');
INSERT into Patron values ('Lacey', 'Eve','2000-02-06','laceyeve@yahoo.com', '900 st Damag, Tx, 73333', '15687', '3634839888');
INSERT into Patron values ('Jamie', 'Rodriguez','1994-03-21','jamierodiguez@gmail.com', '800 st Red, Tx, 72424', '15688', '4200003593');
INSERT into Library_Staff values ('Jesus','Nas','jnas121@gmail.com','7939934321','11255');
INSERT into Library_Staff values ('Hemel','Lenon','lenonhemel@gmail.com','3324342333','11256');
INSERT into Library_Staff values ('Emily','Paris','emilyparis195@yahoo.com','3323444344','11257');
INSERT into Library_Staff values ('Jeff','Matthews','JeffM356@gmail.com','7894456123','11258');
INSERT into Library_Staff values ('Lio','Milan','liomilan@gmail.com','6365664999','11259');
INSERT into CD values('I just called to say I love you', 'Stevie Wonder','Pop, R&B', false, '7 days','21500');
INSERT into CD values('Take Five', 'Dave Brubeck','Jazz', True, '7 days','21501');
INSERT into CD values('Imagine', 'John Lennon','Soft rock, pop', false, '7 days','21502');
INSERT into CD values('Billie Jean', 'Micheal Jackson','Funk', false, '7 days','21503');
INSERT into DVD values('The Godfather', 'Paramount Pictures', 'Crime film', false, '7 days', '22500');
INSERT into DVD values('The Shawshank Redemption', 'Columbia Pictures', 'Drama film', true, '7 days', '22501');
INSERT into DVD values('The War Game', 'British Film Institute', 'Documentary', false, '7 days', '22502');
INSERT into DVD values('Forrest Gump', 'Paramount Pictures', ' Drama/Romance film', false, '7 days', '22503');
INSERT into Magazines values('How To Develop and Manage A Successful Publication', 'Morrish, John', 'Developmental', '11894456', false, '7 days', '23500'); 
INSERT into Magazines values('Game collection', 'Abc, jackson', 'Sci-fi', '33694533', false, '7 days', '23501');
INSERT into Magazines values('Vanity fair: What to shop', 'back, xyz', 'Shop Collection', '11444293', false, '7 days', '23502');
INSERT into VHS_Tapes values('Aladdin', 'Disney', 'Animated', false, '7 days', '24500');
INSERT into VHS_Tapes values('Robin Hood', 'Disney', 'Animated film', false, '7 days', '24501');
INSERT into VHS_Tapes values('Dumbo', 'Disney', 'Animated film', false, '7 days', '24502');
INSERT into VHS_Tapes values('Beauty and the beast', 'Disney', 'Animated film', false, '7 days', '24503');
INSERT into VHS_Tapes values('Lethal Weapon', 'Warner Bros.', 'Action film', false, '7 days', '24504');
INSERT into Reference_Material values('Oxford American Dictionary', 'Stuart Berg Flexner', false, '7 days', '25500');
INSERT into Reference_Material values('Encyclopedia Britannica', 'Andrew Bell', false, '7 days', '25501');
INSERT into Reference_Material values('Student World Atlas, 5th Edition', 'National Kids (Author)', false, '7 days', '25502');
INSERT into Reference_Material values('The Map Book', 'Peter Barber', false, '7 days', '25503');
INSERT into Reference_Material values('Toll Free Phone Book USA', 'Keith Jones', false, '7 days', '25504');
INSERT into Books values('Sold on a Monday', 'Kristina McMorris', 'Novel', '1492663999', false, '7 days', '26500');
INSERT into Books values('Thinking, Fast and Slow', 'Daniel Kahneman', 'Business, Economics', '0374533555', false, '7 days', '26501');
INSERT into Books values('SAT Premium Prep 2022', 'The Princeton Review', 'Exam Prep', '0525570446', false, '7 days', '26502');
INSERT into Books values('The Computer Programming Bible', 'C.P.A. Inc · Amazon Digital Services', 'Computer', '1661846289', false, '7 days', '26503');
INSERT into Books values('Efficient MySQL Performance', 'Daniel Nichter', 'Computer', '1098105095', false, '7 days', '26504');
INSERT into Books values('Becoming', 'Michelle Obama', 'Memoir', '9781524763138', false, '7 days', '26505');
INSERT into Books values('The Psychology Book', 'Catherine Collin', 'Pyschology', '1465458565', false, '7 days', '26506');
INSERT into Books values('GRE Prep Plus 2022', 'Kaplan Test Prep', 'Exam Prep', '1506277187', true, '7 days', '26507');
INSERT into Books values('The Alchemist', 'Paulo Coelho', 'Novel', '0062315005', false, '7 days', '26508');
INSERT into Books values('The Ideal Planner', 'Emma Chamberlain', 'Business, Economics', '1982141913', false, '7 days', '26509');
INSERT into Books values('The 48 Laws of Power', 'Robert Greene', 'Psychology', '1861974043', false, '7 days', '26510');
INSERT into Instruments values('27500', 'Keyboard', 'New', 'N/A', false);
INSERT into Instruments values('27501', 'Guitar', 'New', 'N/A', false);
INSERT into Instruments values('27502', 'Bass Guitar', 'Used-New', 'N/A', false);
INSERT into Instruments values('27503', 'Drum-kit', 'Used', 'N/A', false);
INSERT into Instruments values('27504', 'Saxophone', 'New', 'N/A', false);
INSERT into Instruments values('27505', 'flute', 'Used', 'N/A', false);
INSERT into Instruments values('27506', 'Percussion set', 'Used', 'N/A', false);
INSERT into Consoles values('27600', 'PS4 including controllers', false, '72:00');
INSERT into Consoles values('27601', 'PS5 including controllers', false, '72:00');
INSERT into Consoles values('27602', 'Wii game including controllers', false, '72:00');
INSERT into Consoles values('27603', 'X-box one including controllers', true, '72:00');
INSERT into Consoles values('27604', 'X-box 360 including controllers', false, '72:00');
INSERT into Printing values('32000', 150.00, 1000, 'colored');
INSERT into Printing values('32001', 5.06, 20, 'non-colored');
INSERT into Printing values('32002', 3.52, 12, 'colored');
INSERT into Study_Rooms values('41000', '04:00', 155, true);
INSERT into Study_Rooms values('41001', '03:00', 156, false);
INSERT into Study_Rooms values('41002', '04:00', 157, false);
INSERT into Study_Rooms values('41003', '06:00', 158, false);
INSERT into Study_Rooms values('41004', '04:00', 159, false);
INSERT into Patron_Account values('15682', '147258369', 3, 3, 10.00);
INSERT into Patron_Account values('15683', '147258369', 2, 2, 06.00);
INSERT into Patron_Account values('15684', '147258369', 3, 2, 7.00);
INSERT into Patron_Account values('15685', '147258369', 5, 5, 15.00);
INSERT into Patron_Account values('15686', '147258369', 0, 0, 00.00);
INSERT into Patron_Account values('15687', '147258369', 0, 0, 00.00);
INSERT into Patron_Account values('15688', '147258369', 0, 0, 00.00);
INSERT into Patron_Payment values('33900', '15682', 10.00);
INSERT into Patron_Payment values('33901', '15683', 06.00);
INSERT into Patron_Payment values('33902', '15684', 07.00);
INSERT into Patron_Payment values('33903', '15685', 15.00);
INSERT into Patron_Payment values('33904', '15686', 00);
INSERT into Patron_Payment values('33905', '15687', 00);
INSERT into Patron_Payment values('33906', '15688', 00);
INSERT into Rental_Cart values('43900','15682', '11255','2022-03-05', 10.00, 'N/A');
INSERT into Rental_Cart values('43901','15683', '11256','2022-03-05', 06.00, 'N/A');
INSERT into Rental_Cart values('43902','15684', '11255','2022-03-06', 07.00, 'N/A');
INSERT into Rental_Cart values('43903','15685', '11257','2022-03-07', 15.00, 'N/A');
INSERT into Rental_Item(RentalID, CartID, CDID, RentalType, DueDate) values('51500','43900','21501', 'CD-Rental', '2022-03-12');
INSERT into Rental_Item(RentalID, CartID, ConsoleID, RentalType, DueDate) values('51501','43903','27603', 'Console-Rental', '2022-03-10');
INSERT into Rental_Item(RentalID, CartID, RoomID, RentalType, DueDate) values('51502','43901','41000', 'StudyRoom-Rental', '2022-03-05');
INSERT into Rental_Item(RentalID, CartID, BookID, RentalType, DueDate) values('51503','43902','26507', 'Boook-Rental', '2022-03-13');
INSERT into Library_Event value ('81200','11255', 'Book Reading event', 1 , 2);
INSERT into Library_Event value ('81201','11255', 'Children play event', 2 , 4);
INSERT into Library_Event value ('81202','11256', 'Team meeting event', 1 , 5);
INSERT into Vendor values('61000', 'abc vent st, Buffalo, Tx, 75337', '4561213890');
INSERT into Vendor values('61001', '3600 villa st, Santa claire, California, 69533', '1234337898');
INSERT into Vendor values('61002', '452 jamaica st, Austin, Tx, 74343', '6394259399');
INSERT into Library_Payment values('80200','11255', '3600 villa st, Santa claire, California, 69533', '1234337898', 3500);
INSERT into Library_Payment values('80201','11258', '452 jamaica st, Austin, Tx, 74343', '6394259399', 3400);
INSERT into Vendor_Order values('62000', 1000.00, '2022-04-24');
INSERT into Vendor_Order values('62001', 1000.00, '2022-04-24');
INSERT into Vendor_Order values('62002', 1000.00, '2022-04-24');
INSERT into Vendor_Order_Item(ItemOrderID, VendorID, OrderID, BookID, Quantity, CreatedOn) values('36', '61000', '62001', '26500', '1', '2022-04-24');
INSERT into Vendor_Order_Item(ItemOrderID, VendorID, OrderID, BookID, Quantity, CreatedOn) values('1', '61000', '62001', '26501', '1', '2022-04-24');
INSERT into Vendor_Order_Item(ItemOrderID, VendorID, OrderID, BookID, Quantity, CreatedOn) values('2', '61000', '62001', '26502', '1', '2022-04-24');
INSERT into Vendor_Order_Item(ItemOrderID, VendorID, OrderID, BookID, Quantity, CreatedOn) values('3', '61000', '62001', '26503', '1', '2022-04-24');
INSERT into Vendor_Order_Item(ItemOrderID, VendorID, OrderID, BookID, Quantity, CreatedOn) values('4', '61000', '62000', '26504', '1', '2022-04-24');
INSERT into Vendor_Order_Item(ItemOrderID, VendorID, OrderID, BookID, Quantity, CreatedOn) values('5', '61000', '62000', '26505', '1', '2022-04-24');
INSERT into Vendor_Order_Item(ItemOrderID, VendorID, OrderID, BookID, Quantity, CreatedOn) values('6', '61000', '62000', '26506', '1', '2022-04-24');
INSERT into Vendor_Order_Item(ItemOrderID, VendorID, OrderID, BookID, Quantity, CreatedOn) values('7', '61000', '62000', '26507', '1', '2022-04-24');
INSERT into Vendor_Order_Item(ItemOrderID, VendorID, OrderID, BookID, Quantity, CreatedOn) values('8', '61001', '62002', '26508', '1', '2022-04-24');
INSERT into Vendor_Order_Item(ItemOrderID, VendorID, OrderID, BookID, Quantity, CreatedOn) values('9', '61001', '62002', '26509', '1', '2022-04-24');
INSERT into Vendor_Order_Item(ItemOrderID, VendorID, OrderID, BookID, Quantity, CreatedOn) values('10', '61001', '62000', '26510', '1', '2022-04-24');
INSERT into Vendor_Order_Item(ItemOrderID, VendorID, OrderID, InstrumentID, Quantity, CreatedOn) values('11', '61000', '62002', '27500', '1', '2022-04-24');
INSERT into Vendor_Order_Item(ItemOrderID, VendorID, OrderID, InstrumentID, Quantity, CreatedOn) values('12', '61000', '62002', '27501', '1', '2022-04-24');
INSERT into Vendor_Order_Item(ItemOrderID, VendorID, OrderID, InstrumentID, Quantity, CreatedOn) values('13', '61000', '62002', '27502', '1', '2022-04-24');
INSERT into Vendor_Order_Item(ItemOrderID, VendorID, OrderID, InstrumentID, Quantity, CreatedOn) values('14', '61001', '62001', '27503', '1', '2022-04-24');
INSERT into Vendor_Order_Item(ItemOrderID, VendorID, OrderID, InstrumentID, Quantity, CreatedOn) values('15', '61001', '62000', '27504', '1', '2022-04-24');
INSERT into Vendor_Order_Item(ItemOrderID, VendorID, OrderID, InstrumentID, Quantity, CreatedOn) values('16', '61002', '62000', '27505', '1', '2022-04-24');
INSERT into Vendor_Order_Item(ItemOrderID, VendorID, OrderID, InstrumentID, Quantity, CreatedOn) values('17', '61002', '62000', '27506', '1', '2022-04-24');
INSERT into Vendor_Order_Item(ItemOrderID, VendorID, OrderID, ConsoleID, Quantity, CreatedOn) values('18', '61002', '62002', '27600', '1', '2022-04-24');
INSERT into Vendor_Order_Item(ItemOrderID, VendorID, OrderID, ConsoleID, Quantity, CreatedOn) values('19', '61002', '62002', '27601', '1', '2022-04-24');
INSERT into Vendor_Order_Item(ItemOrderID, VendorID, OrderID, ConsoleID, Quantity, CreatedOn) values('20', '61000', '62002', '27602', '1', '2022-04-24');
INSERT into Vendor_Order_Item(ItemOrderID, VendorID, OrderID, ConsoleID, Quantity, CreatedOn) values('21', '61000', '62002', '27603', '1', '2022-04-24');
INSERT into Vendor_Order_Item(ItemOrderID, VendorID, OrderID, ConsoleID, Quantity, CreatedOn) values('22', '61001', '62001', '27604', '1', '2022-04-24');
INSERT into Vendor_Order_Item(ItemOrderID, VendorID, OrderID, ReferenceMaterialID, Quantity, CreatedOn) values('23', '61002', '62000', '25500', '1', '2022-04-24');
INSERT into Vendor_Order_Item(ItemOrderID, VendorID, OrderID, ReferenceMaterialID, Quantity, CreatedOn) values('24', '61000', '62000', '25501', '1', '2022-04-24');
INSERT into Vendor_Order_Item(ItemOrderID, VendorID, OrderID, ReferenceMaterialID, Quantity, CreatedOn) values('25', '61000', '62001', '25502', '1', '2022-04-24');
INSERT into Vendor_Order_Item(ItemOrderID, VendorID, OrderID, ReferenceMaterialID, Quantity, CreatedOn) values('26', '61001', '62001', '25503', '1', '2022-04-24');
INSERT into Vendor_Order_Item(ItemOrderID, VendorID, OrderID, ReferenceMaterialID, Quantity, CreatedOn) values('27', '61001', '62002', '25504', '1', '2022-04-24');
INSERT into Vendor_Order_Item(ItemOrderID, VendorID, OrderID, VHSID, Quantity, CreatedOn) values('28', '61000', '62001', '24500', '1', '2022-04-24');
INSERT into Vendor_Order_Item(ItemOrderID, VendorID, OrderID, VHSID, Quantity, CreatedOn) values('29', '61000', '62001', '24501', '1', '2022-04-24');
INSERT into Vendor_Order_Item(ItemOrderID, VendorID, OrderID, VHSID, Quantity, CreatedOn) values('30', '61000', '62000', '24502', '1', '2022-04-24');
INSERT into Vendor_Order_Item(ItemOrderID, VendorID, OrderID, VHSID, Quantity, CreatedOn) values('31', '61000', '62000', '24503', '1', '2022-04-24');
INSERT into Vendor_Order_Item(ItemOrderID, VendorID, OrderID, VHSID, Quantity, CreatedOn) values('32', '61000', '62002', '24504', '1', '2022-04-24');
INSERT into Vendor_Order_Item(ItemOrderID, VendorID, OrderID, MagazineID, Quantity, CreatedOn) values('33', '61001', '62000', '23500', '1', '2022-04-24');
INSERT into Vendor_Order_Item(ItemOrderID, VendorID, OrderID, MagazineID, Quantity, CreatedOn) values('34', '61001', '62001', '23501', '1', '2022-04-24');
INSERT into Vendor_Order_Item(ItemOrderID, VendorID, OrderID, MagazineID, Quantity, CreatedOn) values('35', '61001', '62002', '23502', '1', '2022-04-24');
INSERT into Donation(DonationID, EmployeeID, CDID, ItemDescription, ItemCondition) values('91000','11255', '21500', 'I just called to say I love you by Stevie Wonder', 'Used-New');
INSERT into Donation(DonationID, EmployeeID, CDID, ItemDescription, ItemCondition) values('91001','11256', '21501', 'Take Five by Dave Brubeck', 'Used-New');
INSERT into Donation(DonationID, EmployeeID, CDID, ItemDescription, ItemCondition) values('91002','11256', '21502', 'Imagine by John Lennon', 'Used-New');
INSERT into Donation(DonationID, EmployeeID, CDID, ItemDescription, ItemCondition) values('91003','11257', '21503', 'Billie Jean by Micheal Jackson', 'Used-New');
INSERT into Donation(DonationID, EmployeeID, DVDID, ItemDescription, ItemCondition) values('91004','11255', '22500', 'The Godfather, Paramount Pictures, Crime film', 'Used-New');
INSERT into Donation(DonationID, EmployeeID, DVDID, ItemDescription, ItemCondition) values('91005','11258', '22501', 'The Shawshank Redemption, Columbia Pictures, Drama film', 'Used-New');
INSERT into Donation(DonationID, EmployeeID, DVDID, ItemDescription, ItemCondition) values('91006','11256', '22502', 'The War Game, British Film Institute, Documentary', 'Used-New');
INSERT into Donation(DonationID, EmployeeID, DVDID, ItemDescription, ItemCondition) values('91007','11255', '22503', 'Forrest Gump, Paramount Pictures,  Drama/Romance film', 'Used-New');

